INSERT INTO parent_e_e (name) VALUES
("Parent 1"),
("Parent 2"),
("Parent 3"),
("Parent 4");

INSERT INTO child_e_e (name, parent_id) VALUES
("Child 1", 1),
("Child 2", 1),
("Child 3", 2),
("Child 4", 3);

INSERT INTO parent_e_l (name) VALUES
("Parent 1"),
("Parent 2"),
("Parent 3"),
("Parent 4");

INSERT INTO child_e_l (name, parent_id) VALUES
("Child 1", 1),
("Child 2", 1),
("Child 3", 2),
("Child 4", 3);

INSERT INTO parent_l_e (name) VALUES
("Parent 1"),
("Parent 2"),
("Parent 3"),
("Parent 4");

INSERT INTO child_l_e (name, parent_id) VALUES
("Child 1", 1),
("Child 2", 1),
("Child 3", 2),
("Child 4", 3);

INSERT INTO parent_l_l (name) VALUES
("Parent 1"),
("Parent 2"),
("Parent 3"),
("Parent 4");

INSERT INTO child_l_l (name, parent_id) VALUES
("Child 1", 1),
("Child 2", 1),
("Child 3", 2),
("Child 4", 3);

INSERT INTO parent_e_e_o (name) VALUES
("Parent 1"),
("Parent 2"),
("Parent 3"),
("Parent 4");

INSERT INTO child_e_e_o (name, parent_id) VALUES
("Child 1", 1),
("Child 2", 2),
("Child 3", 3),
("Child 4", 4);

INSERT INTO parent_e_l_o (name) VALUES
("Parent 1"),
("Parent 2"),
("Parent 3"),
("Parent 4");

INSERT INTO child_e_l_o (name, parent_id) VALUES
("Child 1", 1),
("Child 2", 2),
("Child 3", 3),
("Child 4", 4);

INSERT INTO parent_l_e_o (name) VALUES
("Parent 1"),
("Parent 2"),
("Parent 3"),
("Parent 4");

INSERT INTO child_l_e_o (name, parent_id) VALUES
("Child 1", 1),
("Child 2", 2),
("Child 3", 3),
("Child 4", 4);

INSERT INTO parent_l_l_o (name) VALUES
("Parent 1"),
("Parent 2"),
("Parent 3"),
("Parent 4");

INSERT INTO child_l_l_o (name, parent_id) VALUES
("Child 1", 1),
("Child 2", 2),
("Child 3", 3),
("Child 4", 4);
